1,mruffalo@hbright.com,lender1,Mark,Ruffalo,static/images/profpics/mruffalo.jpg,http://localhost:5000/static/images/profpics/mruffalo.jpg
2,reesew@hbright.com,lender2,Reese,Witherspoon,static/images/profpics/rwitherspoon.jpg,http://localhost:5000/static/images/profpics/rwitherspoon.jpg
3,hjackman@hbright.com,lender3,Hugh,Jackman,static/images/profpics/hjackman.jpg,http://localhost:5000/static/images/profpics/hjackman.jpg
4,seanp@hbright.com,lender4,Sean,Penn,static/images/profpics/spenn.jpg,http://localhost:5000/static/images/profpics/spenn.jpg
5,vhudgens@hbright.com,lender5,Vanessa,Hudgens,static/images/profpics/vhudgens.jpg,http://localhost:5000/static/images/profpics/vhudgens.jpg
6,shilpad@hbright.com,lender6,Shilpa,Dutta,static/images/profpics/sdutta.jpg,http://localhost:5000/static/images/profpics/sdutta.jpg
7,slittle@hbright.com,lender7,Stuart,Little,static/images/profpics/slittle.jpg,http://localhost:5000/static/images/profpics/slittle.jpg
8,mscott@hbright.com,lender8,Michael,Scott,static/images/profpics/mscott.jpg,http://localhost:5000/static/images/profpics/mscott.jpg
9,mpalmer@hbright.com,lender9,Mereditch,Palmer,static/images/profpics/mpalmer.jpg,http://localhost:5000/static/images/profpics/mpalmer.jpg
10,pamb@hbright.com,lender10,Pam,Beesly,static/images/profpics/pbeesly.jpg,http://localhost:5000/static/images/profpics/pbeesly.jpg
11,rainnwilson@hbright.com,lender11,Rainn,Wilson,static/images/profpics/rainnw.jpg,http://localhost:5000/static/images/profpics/rainnw.jpg
12,dwight@hbright.com,lender12,Dwight,Schrute,static/images/profpics/dschrute.jpg,http://localhost:5000/static/images/profpics/dschrute.jpg
13,bjnovak@hbright.com,lender13,BJ,Novak,static/images/profpics/bjnovak.jpg,http://localhost:5000/static/images/profpics/bjnovak.jpg
14,annieclark@hbright.com,lender14,Annie,Clark,static/images/profpics/aclark.jpg,http://localhost:5000/static/images/profpics/aclark.jpg
15,kellyk@hbright.com,lender15,Kelly,Kapoor,static/images/profpics/kkapoor.jpg,http://localhost:5000/static/images/profpics/kkapoor.jpg
